/*

  *** IMPORTANT *** Use this script only to populate an *EMPTY* (after running
    lmkp_populate) database!

  This script will populate the following tables:
  - Categories
  - A_Keys
  - A_Values
  - SH_Keys
  - SH_Values
  - Profiles ('global', 'Laos', 'Peru', 'Madagascar', 'Cambodia')
  - Languages (add Code, Spanish to existing languages)
  - Stakeholder Roles
  - Institution Types
  Last update: 2013-09-02 08:46
*/

INSERT INTO data.categories(id, name, type, fk_language, description, fk_category) VALUES
  (1, 'Spatial Data', 'activities', 1, NULL, NULL),
  (2, 'General Information', 'activities', 1, NULL, NULL),
  (3, 'Employment', 'activities', 1, NULL, NULL),
  (4, 'Investor Info', 'activities', 1, NULL, NULL),
  (5, 'Data Sources', 'activities', 1, NULL, NULL),
  (6, 'Local Communities', 'activities', 1, NULL, NULL),
  (7, 'Former Use', 'activities', 1, NULL, NULL),
  (8, 'Produce Info', 'activities', 1, NULL, NULL),
  (9, 'Water', 'activities', 1, NULL, NULL),
  (10, 'Overall Comment', 'activities', 1, NULL, NULL),
  (11, 'Location', 'activities', 1, NULL, NULL),
  (12, 'Land Area', 'activities', 1, NULL, NULL),
  (13, 'Intention of Investment', 'activities', 1, NULL, NULL),
  (14, 'Nature of the Deal', 'activities', 1, NULL, NULL),
  (15, 'Negotiation Status', 'activities', 1, NULL, NULL),
  (16, 'Duration of the Agreement', 'activities', 1, NULL, NULL),
  (17, 'Implementation Status', 'activities', 1, NULL, NULL),
  (18, 'Purchase Price', 'activities', 1, NULL, NULL),
  (19, 'Leasing Fees', 'activities', 1, NULL, NULL),
  (20, 'Contract Farming', 'activities', 1, NULL, NULL),
  (21, 'Number of Jobs Created', 'activities', 1, NULL, NULL),
  (22, 'Primary Investor', 'activities', 1, NULL, NULL),
  (23, 'Secondary Investors', 'activities', 1, NULL, NULL),
  (24, 'Data Source', 'activities', 1, NULL, NULL),
  (25, 'How did Community React?', 'activities', 1, NULL, NULL),
  (26, 'Consultation of Local Community', 'activities', 1, NULL, NULL),
  (27, 'Promised or Received Compensation', 'activities', 1, NULL, NULL),
  (28, 'Benefits for Local Communities', 'activities', 1, NULL, NULL),
  (29, 'Number of People Actually Displaced', 'activities', 1, NULL, NULL),
  (30, 'Former Land Owner', 'activities', 1, NULL, NULL),
  (31, 'Former Land Use', 'activities', 1, NULL, NULL),
  (32, 'Former Land Cover', 'activities', 1, NULL, NULL),
  (33, 'Detailed Crop, Animal and Mineral Information', 'activities', 1, NULL, NULL),
  (34, 'Use of Produce', 'activities', 1, NULL, NULL),
  (35, 'Water Extraction Envisaged', 'activities', 1, NULL, NULL),
  (36, 'Source of Water Extraction', 'activities', 1, NULL, NULL),
  (37, 'How Much do Investors Pay for Water and the Use of Water Infrastruture?', 'activities', 1, NULL, NULL),
  (38, 'How Much Water Is Extracted?', 'activities', 1, NULL, NULL),
  (39, 'Overall Comment', 'activities', 1, NULL, NULL),
  (40, 'Stakeholder Information', 'stakeholders', 1, NULL, NULL),
  (41, 'Amount of Investment', 'activities', 1, NULL, NULL);
;
SELECT setval('data.categories_id_seq', 41, true);

INSERT INTO data.a_keys(id, fk_a_key, fk_language, key, type, helptext, description, validator) VALUES
  (1, NULL, NULL, 'Data source', 'Dropdown', NULL, NULL, NULL),
  (2, NULL, NULL, 'Negotiation Status', 'Dropdown', NULL, NULL, NULL),
  (3, NULL, NULL, 'Spatial Accuracy', 'Dropdown', NULL, NULL, NULL),
  (4, NULL, NULL, 'Country', 'Dropdown', NULL, NULL, NULL),
  (5, NULL, NULL, 'Intended area (ha)', 'Number', 'ha', NULL, '[0]'),
  (6, NULL, NULL, 'Intention of Investment', 'Checkbox', NULL, NULL, NULL),
  (7, NULL, NULL, 'Duration of Agreement (years)', 'Integer', 'years', NULL, '[0]'),
  (8, NULL, NULL, 'Contract farming', 'Dropdown', NULL, NULL, NULL),
  (9, NULL, NULL, 'Scope of forestry', 'Checkbox', NULL, NULL, NULL),
  (10, NULL, NULL, 'URL / Web', 'String', NULL, NULL, NULL),
  (11, NULL, NULL, 'Water extraction', 'Dropdown', NULL, NULL, NULL),
  (12, NULL, NULL, 'Percentage', 'Integer', NULL, NULL, '[0,100]'),
  (13, NULL, NULL, 'Mineral', 'Checkbox', NULL, NULL, NULL),
  (14, NULL, NULL, 'Announced amount of investement', 'Number', NULL, NULL, NULL),
  (15, NULL, NULL, 'Current area in operation (ha)', 'Number', 'ha', NULL, '[0]'),
  (16, NULL, NULL, 'How much do investors pay for water', 'String', NULL, NULL, NULL),
  (17, NULL, NULL, 'Original reference number', 'String', NULL, NULL, NULL),
  (18, NULL, NULL, 'Number of farmers', 'Integer', NULL, NULL, '[0]'),
  (19, NULL, NULL, 'Current number of employees', 'Integer', NULL, NULL, '[0]'),
  (20, NULL, NULL, 'Date', 'String', NULL, NULL, NULL),
  (21, NULL, NULL, 'Number of people actually displaced', 'Integer', NULL, NULL, NULL),
  (22, NULL, NULL, 'Leasing fee (per year)', 'String', 'per year', NULL, NULL),
  (23, NULL, NULL, 'Current total number of jobs', 'Integer', NULL, NULL, '[0]'),
  (24, NULL, NULL, 'How much water is extracted (m3/year)', 'Number', 'm3/year', NULL, '[0]'),
  (25, NULL, NULL, 'Remark', 'Text', NULL, NULL, NULL),
  (26, NULL, NULL, 'Animals', 'Checkbox', NULL, NULL, NULL),
  (27, NULL, NULL, 'Name', 'String', NULL, NULL, NULL),
  (28, NULL, NULL, 'Use of produce', 'Dropdown', NULL, NULL, NULL),
  (29, NULL, NULL, 'How did community react', 'Text', NULL, NULL, NULL),
  (30, NULL, NULL, 'Purchase price', 'Number', NULL, NULL, NULL),
  (31, NULL, NULL, 'Annual leasing fee area (ha)', 'Number', 'ha', NULL, '[0]'),
  (32, NULL, NULL, 'Area (ha)', 'Number', 'ha', NULL, '[0]'),
  (33, NULL, NULL, 'Former predominant land use', 'Checkbox', NULL, NULL, NULL),
  (34, NULL, NULL, 'Contract area (ha)', 'Number', 'ha', NULL, '[0]'),
  (35, NULL, NULL, 'Former predominant land cover', 'Checkbox', NULL, NULL, NULL),
  (36, NULL, NULL, 'Benefits for local communities', 'Checkbox', NULL, NULL, NULL),
  (37, NULL, NULL, 'Current Number of daily/seasonal workers', 'Integer', NULL, NULL, '[0]'),
  (38, NULL, NULL, 'Purchase price area (ha)', 'Number', 'ha', NULL, '[0]'),
  (39, NULL, NULL, 'Nature of the deal', 'Checkbox', NULL, NULL, NULL),
  (40, NULL, NULL, 'Planned number of employees', 'Integer', NULL, NULL, '[0]'),
  (41, NULL, NULL, 'Consultation of local community', 'String', NULL, NULL, NULL),
  (42, NULL, NULL, 'Promised or received compensation', 'String', NULL, NULL, NULL),
  (43, NULL, NULL, 'Implementation status', 'Dropdown', NULL, NULL, NULL),
  (44, NULL, NULL, 'Crop', 'Checkbox', NULL, NULL, NULL),
  (45, NULL, NULL, 'Planned Number of daily/seasonal workers', 'Integer', NULL, NULL, '[0]'),
  (46, NULL, NULL, 'Scope of agriculture', 'Checkbox', NULL, NULL, NULL),
  (47, NULL, NULL, 'Planned total number of jobs', 'Integer', NULL, NULL, '[0]'),
  (48, NULL, NULL, 'Year', 'Integer', NULL, NULL, '[1900,2100]'),
  (49, NULL, NULL, 'Former predominant land owner', 'Checkbox', NULL, NULL, NULL),
  (50, NULL, NULL, 'Files', 'File', NULL, NULL, NULL),
  (51, NULL, NULL, 'Contract date', 'Date', NULL, NULL, NULL),
  (52, NULL, NULL, 'Announced amount of investment', 'Text', NULL, NULL, NULL),
  (53, NULL, NULL, 'Remark (Intention of Investment)', 'Text', NULL, NULL, NULL),
  (54, NULL, NULL, 'Remark (Negotiation Status)', 'Text', NULL, NULL, NULL),
  (55, NULL, NULL, 'Remark (Number of Jobs Created)', 'Text', NULL, NULL, NULL),
  (56, NULL, NULL, 'Contract Number', 'String', NULL, NULL, NULL),
  (57, NULL, NULL, 'Remark (Nature of the deal)', 'Text', NULL, NULL, NULL),
  (58, 2, 1, 'Negotiation Status', NULL, NULL, NULL, NULL),
  (59, 3, 1, 'Spatial Accuracy', NULL, NULL, NULL, NULL),
  (60, 4, 1, 'Country', NULL, NULL, NULL, NULL),
  (61, 5, 1, 'Intended area (ha)', NULL, NULL, NULL, NULL),
  (62, 6, 1, 'Intention of Investment', NULL, NULL, NULL, NULL),
  (63, 7, 1, 'Duration of Agreement (years)', NULL, NULL, NULL, NULL),
  (64, 8, 1, 'Contract farming', NULL, NULL, NULL, NULL),
  (65, 9, 1, 'Scope of forestry', NULL, NULL, NULL, NULL),
  (66, 10, 1, 'URL / Web', NULL, NULL, NULL, NULL),
  (67, 11, 1, 'Water extraction', NULL, NULL, NULL, NULL),
  (68, 12, 1, 'Percentage', NULL, NULL, NULL, NULL),
  (69, 13, 1, 'Mineral', NULL, NULL, NULL, NULL),
  (70, 14, 1, 'Announced amount of investement', NULL, NULL, NULL, NULL),
  (71, 15, 1, 'Current area in operation (ha)', NULL, NULL, NULL, NULL),
  (72, 16, 1, 'How much do investors pay for water', NULL, NULL, NULL, NULL),
  (73, 17, 1, 'Original reference number', NULL, NULL, NULL, NULL),
  (74, 18, 1, 'Number of farmers', NULL, NULL, NULL, NULL),
  (75, 19, 1, 'Current number of employees', NULL, NULL, NULL, NULL),
  (76, 20, 1, 'Date', NULL, NULL, NULL, NULL),
  (77, 21, 1, 'Number of people actually displaced', NULL, NULL, NULL, NULL),
  (78, 22, 1, 'Leasing fee (per year)', NULL, NULL, NULL, NULL),
  (79, 23, 1, 'Current total number of jobs', NULL, NULL, NULL, NULL),
  (80, 24, 1, 'How much water is extracted (m3/year)', NULL, NULL, NULL, NULL),
  (81, 25, 1, 'Remark', NULL, NULL, NULL, NULL),
  (82, 26, 1, 'Animals', NULL, NULL, NULL, NULL),
  (83, 27, 1, 'Name', NULL, NULL, NULL, NULL),
  (84, 28, 1, 'Use of produce', NULL, NULL, NULL, NULL),
  (85, 29, 1, 'How did community react', NULL, NULL, NULL, NULL),
  (86, 30, 1, 'Purchase price', NULL, NULL, NULL, NULL),
  (87, 31, 1, 'Annual leasing fee area (ha)', NULL, NULL, NULL, NULL),
  (88, 32, 1, 'Area (ha)', NULL, NULL, NULL, NULL),
  (89, 33, 1, 'Former predominant land use', NULL, NULL, NULL, NULL),
  (90, 34, 1, 'Contract area (ha)', NULL, NULL, NULL, NULL),
  (91, 35, 1, 'Former predominant land cover', NULL, NULL, NULL, NULL),
  (92, 36, 1, 'Benefits for local communities', NULL, NULL, NULL, NULL),
  (93, 37, 1, 'Current Number of daily/seasonal workers', NULL, NULL, NULL, NULL),
  (94, 38, 1, 'Purchase price area (ha)', NULL, NULL, NULL, NULL),
  (95, 39, 1, 'Nature of the deal', NULL, NULL, NULL, NULL),
  (96, 40, 1, 'Planned number of employees', NULL, NULL, NULL, NULL),
  (97, 41, 1, 'Consultation of local community', NULL, NULL, NULL, NULL),
  (98, 42, 1, 'Promised or received compensation', NULL, NULL, NULL, NULL),
  (99, 43, 1, 'Implementation status', NULL, NULL, NULL, NULL),
  (100, 44, 1, 'Crop', NULL, NULL, NULL, NULL),
  (101, 45, 1, 'Planned Number of daily/seasonal workers', NULL, NULL, NULL, NULL),
  (102, 46, 1, 'Scope of agriculture', NULL, NULL, NULL, NULL),
  (103, 47, 1, 'Planned total number of jobs', NULL, NULL, NULL, NULL),
  (104, 48, 1, 'Year', NULL, NULL, NULL, NULL),
  (105, 49, 1, 'Former predominant land owner', NULL, NULL, NULL, NULL),
  (106, 50, 1, 'Files', NULL, NULL, NULL, NULL),
  (107, 51, 1, 'Contract date', NULL, NULL, NULL, NULL),
  (108, 52, 1, 'Announced amount of investment', NULL, NULL, NULL, NULL),
  (109, 53, 1, 'Remark', NULL, NULL, NULL, NULL),
  (110, 54, 1, 'Remark', NULL, NULL, NULL, NULL),
  (111, 55, 1, 'Remark', NULL, NULL, NULL, NULL),
  (112, 56, 1, 'Contract Number', NULL, NULL, NULL, NULL),
  (113, 57, 1, 'Remark', NULL, NULL, NULL, NULL)
;
SELECT setval('data.a_keys_id_seq', 113, true);

INSERT INTO data.a_values (id, fk_a_value, fk_language, value, fk_a_key, "order") VALUES
  (1, NULL, 1, 'Media report', 1, NULL),
  (2, NULL, 1, 'Research paper', 1, NULL),
  (3, NULL, 1, 'Government sources', 1, NULL),
  (4, NULL, 1, 'Company sources', 1, NULL),
  (5, NULL, 1, 'Contract', 1, NULL),
  (6, NULL, 1, 'Personal information', 1, NULL),
  (7, NULL, 1, 'Other', 1, NULL),
  (8, NULL, 1, 'Under negotiation', 2, NULL),
  (9, NULL, 1, 'Oral agreement', 2, NULL),
  (10, NULL, 1, 'Contract signed', 2, NULL),
  (11, NULL, 1, 'Negotiations failed', 2, NULL),
  (12, NULL, 1, 'Contract cancelled', 2, NULL),
  (13, NULL, 1, 'better than 100m', 3, 1),
  (14, NULL, 1, '100m to 1km', 3, 2),
  (15, NULL, 1, '1km to 10km', 3, 3),
  (16, NULL, 1, '10km to 100km', 3, 4),
  (17, NULL, 1, 'worse than 100km', 3, 5),
  (18, NULL, 1, 'Afghanistan', 4, NULL),
  (19, NULL, 1, 'Åland Islands', 4, NULL),
  (20, NULL, 1, 'Albania', 4, NULL),
  (21, NULL, 1, 'Algeria', 4, NULL),
  (22, NULL, 1, 'American Samoa', 4, NULL),
  (23, NULL, 1, 'Andorra', 4, NULL),
  (24, NULL, 1, 'Angola', 4, NULL),
  (25, NULL, 1, 'Anguilla', 4, NULL),
  (26, NULL, 1, 'Antarctica', 4, NULL),
  (27, NULL, 1, 'Antigua and Barbuda', 4, NULL),
  (28, NULL, 1, 'Argentina', 4, NULL),
  (29, NULL, 1, 'Armenia', 4, NULL),
  (30, NULL, 1, 'Aruba', 4, NULL),
  (31, NULL, 1, 'Australia', 4, NULL),
  (32, NULL, 1, 'Austria', 4, NULL),
  (33, NULL, 1, 'Azerbaijan', 4, NULL),
  (34, NULL, 1, 'Bahamas', 4, NULL),
  (35, NULL, 1, 'Bahrain', 4, NULL),
  (36, NULL, 1, 'Bangladesh', 4, NULL),
  (37, NULL, 1, 'Barbados', 4, NULL),
  (38, NULL, 1, 'Belarus', 4, NULL),
  (39, NULL, 1, 'Belgium', 4, NULL),
  (40, NULL, 1, 'Belize', 4, NULL),
  (41, NULL, 1, 'Benin', 4, NULL),
  (42, NULL, 1, 'Bermuda', 4, NULL),
  (43, NULL, 1, 'Bhutan', 4, NULL),
  (44, NULL, 1, 'Bolivia, Plurinational State of', 4, NULL),
  (45, NULL, 1, 'Bonaire, Sint Eustatius and Saba', 4, NULL),
  (46, NULL, 1, 'Bosnia and Herzegovina', 4, NULL),
  (47, NULL, 1, 'Botswana', 4, NULL),
  (48, NULL, 1, 'Bouvet Island', 4, NULL),
  (49, NULL, 1, 'Brazil', 4, NULL),
  (50, NULL, 1, 'British Indian Ocean Territory', 4, NULL),
  (51, NULL, 1, 'Virgin Islands, British', 4, NULL),
  (52, NULL, 1, 'Brunei Darussalam', 4, NULL),
  (53, NULL, 1, 'Bulgaria', 4, NULL),
  (54, NULL, 1, 'Burkina Faso', 4, NULL),
  (55, NULL, 1, 'Burundi', 4, NULL),
  (56, NULL, 1, 'Cambodia', 4, NULL),
  (57, NULL, 1, 'Cameroon', 4, NULL),
  (58, NULL, 1, 'Canada', 4, NULL),
  (59, NULL, 1, 'Cape Verde', 4, NULL),
  (61, NULL, 1, 'Cayman Islands', 4, NULL),
  (62, NULL, 1, 'Central African Republic', 4, NULL),
  (63, NULL, 1, 'Chad', 4, NULL),
  (64, NULL, 1, 'Chile', 4, NULL),
  (65, NULL, 1, 'China', 4, NULL),
  (66, NULL, 1, 'Christmas Island', 4, NULL),
  (68, NULL, 1, 'Cocos (Keeling) Islands', 4, NULL),
  (69, NULL, 1, 'Colombia', 4, NULL),
  (70, NULL, 1, 'Comoros', 4, NULL),
  (71, NULL, 1, 'Cook Islands', 4, NULL),
  (72, NULL, 1, 'Costa Rica', 4, NULL),
  (73, NULL, 1, 'Côte d''Ivoire', 4, NULL),
  (74, NULL, 1, 'Croatia', 4, NULL),
  (75, NULL, 1, 'Cuba', 4, NULL),
  (76, NULL, 1, 'Curaçao', 4, NULL),
  (77, NULL, 1, 'Cyprus', 4, NULL),
  (78, NULL, 1, 'Czech Republic', 4, NULL),
  (79, NULL, 1, 'Congo, the Democratic Republic of the', 4, NULL),
  (80, NULL, 1, 'Denmark', 4, NULL),
  (81, NULL, 1, 'Djibouti', 4, NULL),
  (82, NULL, 1, 'Dominica', 4, NULL),
  (83, NULL, 1, 'Dominican Republic', 4, NULL),
  (84, NULL, 1, 'Timor-Leste', 4, NULL),
  (85, NULL, 1, 'Ecuador', 4, NULL),
  (86, NULL, 1, 'Egypt', 4, NULL),
  (87, NULL, 1, 'El Salvador', 4, NULL),
  (88, NULL, 1, 'Equatorial Guinea', 4, NULL),
  (89, NULL, 1, 'Eritrea', 4, NULL),
  (90, NULL, 1, 'Estonia', 4, NULL),
  (91, NULL, 1, 'Ethiopia', 4, NULL),
  (92, NULL, 1, 'Falkland Islands (Malvinas)', 4, NULL),
  (93, NULL, 1, 'Faroe Islands', 4, NULL),
  (94, NULL, 1, 'Fiji', 4, NULL),
  (95, NULL, 1, 'Finland', 4, NULL),
  (96, NULL, 1, 'France', 4, NULL),
  (97, NULL, 1, 'French Guiana', 4, NULL),
  (98, NULL, 1, 'French Polynesia', 4, NULL),
  (99, NULL, 1, 'French Southern Territories', 4, NULL),
  (100, NULL, 1, 'Gabon', 4, NULL),
  (101, NULL, 1, 'Gambia', 4, NULL),
  (102, NULL, 1, 'Georgia', 4, NULL),
  (103, NULL, 1, 'Germany', 4, NULL),
  (104, NULL, 1, 'Ghana', 4, NULL),
  (105, NULL, 1, 'Gibraltar', 4, NULL),
  (106, NULL, 1, 'Greece', 4, NULL),
  (107, NULL, 1, 'Greenland', 4, NULL),
  (108, NULL, 1, 'Grenada', 4, NULL),
  (109, NULL, 1, 'Guadeloupe', 4, NULL),
  (110, NULL, 1, 'Guam', 4, NULL),
  (111, NULL, 1, 'Guatemala', 4, NULL),
  (112, NULL, 1, 'Guernsey', 4, NULL),
  (113, NULL, 1, 'Guinea', 4, NULL),
  (114, NULL, 1, 'Guinea-Bissau', 4, NULL),
  (115, NULL, 1, 'Guyana', 4, NULL),
  (116, NULL, 1, 'Haiti', 4, NULL),
  (117, NULL, 1, 'Heard Island and McDonald Islands', 4, NULL),
  (118, NULL, 1, 'Honduras', 4, NULL),
  (119, NULL, 1, 'Hong Kong', 4, NULL),
  (120, NULL, 1, 'Hungary', 4, NULL),
  (121, NULL, 1, 'Iceland', 4, NULL),
  (122, NULL, 1, 'India', 4, NULL),
  (123, NULL, 1, 'Indonesia', 4, NULL),
  (124, NULL, 1, 'Iran, Islamic Republic of', 4, NULL),
  (125, NULL, 1, 'Iraq', 4, NULL),
  (126, NULL, 1, 'Ireland', 4, NULL),
  (127, NULL, 1, 'Isle of Man', 4, NULL),
  (128, NULL, 1, 'Israel', 4, NULL),
  (129, NULL, 1, 'Italy', 4, NULL),
  (130, NULL, 1, 'Jamaica', 4, NULL),
  (131, NULL, 1, 'Japan', 4, NULL),
  (132, NULL, 1, 'Jersey', 4, NULL),
  (133, NULL, 1, 'Jordan', 4, NULL),
  (134, NULL, 1, 'Kazakhstan', 4, NULL),
  (135, NULL, 1, 'Kenya', 4, NULL),
  (136, NULL, 1, 'Kiribati', 4, NULL),
  (138, NULL, 1, 'Kuwait', 4, NULL),
  (139, NULL, 1, 'Kyrgyzstan', 4, NULL),
  (140, NULL, 1, 'Lao People''s Democratic Republic', 4, NULL),
  (141, NULL, 1, 'Latvia', 4, NULL),
  (142, NULL, 1, 'Lebanon', 4, NULL),
  (143, NULL, 1, 'Lesotho', 4, NULL),
  (144, NULL, 1, 'Liberia', 4, NULL),
  (145, NULL, 1, 'Libya', 4, NULL),
  (146, NULL, 1, 'Liechtenstein', 4, NULL),
  (147, NULL, 1, 'Lithuania', 4, NULL),
  (148, NULL, 1, 'Luxembourg', 4, NULL),
  (149, NULL, 1, 'Macao', 4, NULL),
  (150, NULL, 1, 'Macedonia, The Former Yugoslav Republic of', 4, NULL),
  (151, NULL, 1, 'Madagascar', 4, NULL),
  (152, NULL, 1, 'Malawi', 4, NULL),
  (153, NULL, 1, 'Malaysia', 4, NULL),
  (154, NULL, 1, 'Maldives', 4, NULL),
  (155, NULL, 1, 'Mali', 4, NULL),
  (156, NULL, 1, 'Malta', 4, NULL),
  (157, NULL, 1, 'Marshall Islands', 4, NULL),
  (158, NULL, 1, 'Martinique', 4, NULL),
  (159, NULL, 1, 'Mauritania', 4, NULL),
  (160, NULL, 1, 'Mauritius', 4, NULL),
  (161, NULL, 1, 'Mayotte', 4, NULL),
  (162, NULL, 1, 'Mexico', 4, NULL),
  (163, NULL, 1, 'Micronesia, Federated States of', 4, NULL),
  (164, NULL, 1, 'Moldova, Republic of', 4, NULL),
  (165, NULL, 1, 'Monaco', 4, NULL),
  (166, NULL, 1, 'Mongolia', 4, NULL),
  (167, NULL, 1, 'Montenegro', 4, NULL),
  (168, NULL, 1, 'Montserrat', 4, NULL),
  (169, NULL, 1, 'Morocco', 4, NULL),
  (170, NULL, 1, 'Mozambique', 4, NULL),
  (171, NULL, 1, 'Myanmar', 4, NULL),
  (172, NULL, 1, 'Namibia', 4, NULL),
  (173, NULL, 1, 'Nauru', 4, NULL),
  (174, NULL, 1, 'Nepal', 4, NULL),
  (175, NULL, 1, 'Netherlands', 4, NULL),
  (176, NULL, 1, 'New Caledonia', 4, NULL),
  (177, NULL, 1, 'New Zealand', 4, NULL),
  (178, NULL, 1, 'Nicaragua', 4, NULL),
  (179, NULL, 1, 'Niger', 4, NULL),
  (180, NULL, 1, 'Nigeria', 4, NULL),
  (181, NULL, 1, 'Niue', 4, NULL),
  (182, NULL, 1, 'Norfolk Island', 4, NULL),
  (183, NULL, 1, 'Korea, Democratic People''s Republic of', 4, NULL),
  (184, NULL, 1, 'Northern Mariana Islands', 4, NULL),
  (185, NULL, 1, 'Norway', 4, NULL),
  (186, NULL, 1, 'Oman', 4, NULL),
  (187, NULL, 1, 'Pakistan', 4, NULL),
  (188, NULL, 1, 'Palau', 4, NULL),
  (189, NULL, 1, 'Palestine, State of', 4, NULL),
  (190, NULL, 1, 'Panama', 4, NULL),
  (191, NULL, 1, 'Papua New Guinea', 4, NULL),
  (192, NULL, 1, 'Paraguay', 4, NULL),
  (193, NULL, 1, 'Peru', 4, NULL),
  (194, NULL, 1, 'Philippines', 4, NULL),
  (195, NULL, 1, 'Pitcairn', 4, NULL),
  (196, NULL, 1, 'Poland', 4, NULL),
  (197, NULL, 1, 'Portugal', 4, NULL),
  (198, NULL, 1, 'Puerto Rico', 4, NULL),
  (199, NULL, 1, 'Qatar', 4, NULL),
  (200, NULL, 1, 'Congo', 4, NULL),
  (201, NULL, 1, 'Réunion', 4, NULL),
  (202, NULL, 1, 'Romania', 4, NULL),
  (203, NULL, 1, 'Russian Federation', 4, NULL),
  (204, NULL, 1, 'Rwanda', 4, NULL),
  (205, NULL, 1, 'Saint Helena, Ascension and Tristan da Cunha', 4, NULL),
  (206, NULL, 1, 'Saint Kitts and Nevis', 4, NULL),
  (207, NULL, 1, 'Saint Lucia', 4, NULL),
  (208, NULL, 1, 'Saint Pierre and Miquelon', 4, NULL),
  (209, NULL, 1, 'Saint Vincent and the Grenadines', 4, NULL),
  (210, NULL, 1, 'Saint Barthélemy', 4, NULL),
  (211, NULL, 1, 'Saint Martin (French part)', 4, NULL),
  (212, NULL, 1, 'Samoa', 4, NULL),
  (213, NULL, 1, 'San Marino', 4, NULL),
  (214, NULL, 1, 'Sao Tome and Principe', 4, NULL),
  (215, NULL, 1, 'Saudi Arabia', 4, NULL),
  (216, NULL, 1, 'Senegal', 4, NULL),
  (217, NULL, 1, 'Serbia', 4, NULL),
  (218, NULL, 1, 'Seychelles', 4, NULL),
  (219, NULL, 1, 'Sierra Leone', 4, NULL),
  (220, NULL, 1, 'Singapore', 4, NULL),
  (221, NULL, 1, 'Sint Maarten (Dutch part)', 4, NULL),
  (222, NULL, 1, 'Slovakia', 4, NULL),
  (223, NULL, 1, 'Slovenia', 4, NULL),
  (224, NULL, 1, 'Solomon Islands', 4, NULL),
  (225, NULL, 1, 'Somalia', 4, NULL),
  (226, NULL, 1, 'South Africa', 4, NULL),
  (227, NULL, 1, 'South Georgia and the South Sandwich Islands', 4, NULL),
  (228, NULL, 1, 'Korea, Republic of', 4, NULL),
  (229, NULL, 1, 'South Sudan', 4, NULL),
  (230, NULL, 1, 'Spain', 4, NULL),
  (232, NULL, 1, 'Sri Lanka', 4, NULL),
  (233, NULL, 1, 'Sudan', 4, NULL),
  (234, NULL, 1, 'Suriname', 4, NULL),
  (235, NULL, 1, 'Svalbard and Jan Mayen', 4, NULL),
  (236, NULL, 1, 'Swaziland', 4, NULL),
  (237, NULL, 1, 'Sweden', 4, NULL),
  (238, NULL, 1, 'Switzerland', 4, NULL),
  (239, NULL, 1, 'Syrian Arab Republic', 4, NULL),
  (240, NULL, 1, 'Taiwan, Province of China', 4, NULL),
  (241, NULL, 1, 'Tajikistan', 4, NULL),
  (242, NULL, 1, 'Tanzania, United Republic of', 4, NULL),
  (243, NULL, 1, 'Thailand', 4, NULL),
  (244, NULL, 1, 'Togo', 4, NULL),
  (245, NULL, 1, 'Tokelau', 4, NULL),
  (246, NULL, 1, 'Tonga', 4, NULL),
  (247, NULL, 1, 'Trinidad and Tobago', 4, NULL),
  (248, NULL, 1, 'Tunisia', 4, NULL),
  (249, NULL, 1, 'Turkey', 4, NULL),
  (250, NULL, 1, 'Turkmenistan', 4, NULL),
  (251, NULL, 1, 'Turks and Caicos Islands', 4, NULL),
  (252, NULL, 1, 'Tuvalu', 4, NULL),
  (253, NULL, 1, 'Uganda', 4, NULL),
  (254, NULL, 1, 'Ukraine', 4, NULL),
  (255, NULL, 1, 'United Arab Emirates', 4, NULL),
  (256, NULL, 1, 'United Kingdom', 4, NULL),
  (257, NULL, 1, 'United States', 4, NULL),
  (258, NULL, 1, 'United States Minor Outlying Islands', 4, NULL),
  (259, NULL, 1, 'Uruguay', 4, NULL),
  (260, NULL, 1, 'Uzbekistan', 4, NULL),
  (261, NULL, 1, 'Vanuatu', 4, NULL),
  (262, NULL, 1, 'Holy See (Vatican City State)', 4, NULL),
  (263, NULL, 1, 'Venezuela, Bolivarian Republic of', 4, NULL),
  (264, NULL, 1, 'Viet Nam', 4, NULL),
  (265, NULL, 1, 'Virgin Islands, U.S.', 4, NULL),
  (266, NULL, 1, 'Wallis and Futuna', 4, NULL),
  (267, NULL, 1, 'Western Sahara', 4, NULL),
  (268, NULL, 1, 'Yemen', 4, NULL),
  (269, NULL, 1, 'Zambia', 4, NULL),
  (270, NULL, 1, 'Zimbabwe', 4, NULL),
  (271, NULL, 1, 'Agriculture', 6, NULL),
  (272, NULL, 1, 'Forestry', 6, NULL),
  (273, NULL, 1, 'Mining', 6, NULL),
  (274, NULL, 1, 'Tourism', 6, NULL),
  (275, NULL, 1, 'Industry', 6, NULL),
  (276, NULL, 1, 'Conservation', 6, NULL),
  (277, NULL, 1, 'Renewable energy', 6, NULL),
  (278, NULL, 1, 'Other', 6, NULL),
  (279, NULL, 1, 'On the lease', 8, NULL),
  (280, NULL, 1, 'Off the lease', 8, NULL),
  (281, NULL, 1, 'wood and fibre', 9, NULL),
  (282, NULL, 1, 'carbon sequestration', 9, NULL),
  (283, NULL, 1, 'Ground water', 11, NULL),
  (284, NULL, 1, 'River', 11, NULL),
  (285, NULL, 1, 'Lake', 11, NULL),
  (286, NULL, 1, 'Anthracite', 13, NULL),
  (287, NULL, 1, 'Asphaltite', 13, NULL),
  (288, NULL, 1, 'Barite', 13, NULL),
  (289, NULL, 1, 'Basalt', 13, NULL),
  (290, NULL, 1, 'Bauxite', 13, NULL),
  (291, NULL, 1, 'Building materials', 13, NULL),
  (292, NULL, 1, 'Carbon', 13, NULL),
  (293, NULL, 1, 'Clay', 13, NULL),
  (294, NULL, 1, 'Coal', 13, NULL),
  (295, NULL, 1, 'Cobalt', 13, NULL),
  (296, NULL, 1, 'Copper', 13, NULL),
  (297, NULL, 1, 'Diamond mining', 13, NULL),
  (298, NULL, 1, 'Emerald', 13, NULL),
  (299, NULL, 1, 'Feldspar', 13, NULL),
  (300, NULL, 1, 'Fluoride', 13, NULL),
  (301, NULL, 1, 'Gas', 13, NULL),
  (302, NULL, 1, 'Gold', 13, NULL),
  (303, NULL, 1, 'Granite', 13, NULL),
  (304, NULL, 1, 'Gravel', 13, NULL),
  (305, NULL, 1, 'Ilmenite', 13, NULL),
  (306, NULL, 1, 'Iron', 13, NULL),
  (307, NULL, 1, 'Jade', 13, NULL),
  (308, NULL, 1, 'Lead', 13, NULL),
  (309, NULL, 1, 'Limestone', 13, NULL),
  (310, NULL, 1, 'Manganese', 13, NULL),
  (311, NULL, 1, 'Marble', 13, NULL),
  (312, NULL, 1, 'Molybdenum', 13, NULL),
  (313, NULL, 1, 'Nickel', 13, NULL),
  (314, NULL, 1, 'Petroleum', 13, NULL),
  (315, NULL, 1, 'Phosphorous', 13, NULL),
  (316, NULL, 1, 'Platinum', 13, NULL),
  (317, NULL, 1, 'Pynions', 13, NULL),
  (318, NULL, 1, 'Pyrolisis Plant', 13, NULL),
  (319, NULL, 1, 'Salt', 13, NULL),
  (320, NULL, 1, 'Sand', 13, NULL),
  (321, NULL, 1, 'Silica', 13, NULL),
  (322, NULL, 1, 'Silver', 13, NULL),
  (323, NULL, 1, 'Stone', 13, NULL),
  (324, NULL, 1, 'Titanium', 13, NULL),
  (325, NULL, 1, 'Uranium', 13, NULL),
  (326, NULL, 1, 'Zinc', 13, NULL),
  (327, NULL, 1, 'Other', 13, NULL),
  (328, NULL, 1, 'Aquaculture', 26, NULL),
  (329, NULL, 1, 'Bees', 26, NULL),
  (330, NULL, 1, 'Cattle', 26, NULL),
  (331, NULL, 1, 'Goats', 26, NULL),
  (332, NULL, 1, 'Mariculture', 26, NULL),
  (333, NULL, 1, 'Pork', 26, NULL),
  (334, NULL, 1, 'Poultry', 26, NULL),
  (335, NULL, 1, 'Sheep', 26, NULL),
  (336, NULL, 1, 'Other', 26, NULL),
  (337, NULL, 1, 'Domestic use', 28, NULL),
  (338, NULL, 1, 'Export', 28, NULL),
  (339, NULL, 1, 'Commercial (large-scale) agriculture', 33, NULL),
  (340, NULL, 1, 'Smallholder agriculture', 33, NULL),
  (341, NULL, 1, 'Pastoralists', 33, NULL),
  (342, NULL, 1, 'Forestry', 33, NULL),
  (343, NULL, 1, 'Conservation', 33, NULL),
  (344, NULL, 1, 'Other', 33, NULL),
  (345, NULL, 1, 'Cropland', 35, NULL),
  (346, NULL, 1, 'Forest land', 35, NULL),
  (347, NULL, 1, 'Grassland', 35, NULL),
  (348, NULL, 1, 'Marginal land', 35, NULL),
  (349, NULL, 1, 'Health', 36, NULL),
  (350, NULL, 1, 'Education', 36, NULL),
  (351, NULL, 1, 'Productive infrastructure', 36, NULL),
  (352, NULL, 1, 'Roads', 36, NULL),
  (353, NULL, 1, 'Capacity building', 36, NULL),
  (354, NULL, 1, 'Financial support', 36, NULL),
  (355, NULL, 1, 'Water supply', 36, NULL),
  (356, NULL, 1, 'Other', 36, NULL),
  (357, NULL, 1, 'Outright Purchase', 39, NULL),
  (358, NULL, 1, 'Lease/Concession', 39, NULL),
  (359, NULL, 1, 'Exploitation License', 39, NULL),
  (360, NULL, 1, 'Project not started', 43, NULL),
  (361, NULL, 1, 'Startup phase', 43, NULL),
  (362, NULL, 1, 'In operation', 43, NULL),
  (363, NULL, 1, 'Project abandoned', 43, NULL),
  (364, NULL, 1, 'Accacia', 44, NULL),
  (365, NULL, 1, 'Alfalfa', 44, NULL),
  (366, NULL, 1, 'Algae', 44, NULL),
  (367, NULL, 1, 'Almond', 44, NULL),
  (368, NULL, 1, 'Aloe Vera', 44, NULL),
  (369, NULL, 1, 'Apple', 44, NULL),
  (370, NULL, 1, 'Aquaculture', 44, NULL),
  (371, NULL, 1, 'Bamboo', 44, NULL),
  (372, NULL, 1, 'Banana', 44, NULL),
  (373, NULL, 1, 'Barley', 44, NULL),
  (374, NULL, 1, 'Bean', 44, NULL),
  (375, NULL, 1, 'Bottle Gourd', 44, NULL),
  (376, NULL, 1, 'Buckwheat', 44, NULL),
  (377, NULL, 1, 'Cacao', 44, NULL),
  (378, NULL, 1, 'Canola', 44, NULL),
  (379, NULL, 1, 'Cashew', 44, NULL),
  (380, NULL, 1, 'Cassava (Maniok)', 44, NULL),
  (381, NULL, 1, 'Castor Oil Plant', 44, NULL),
  (382, NULL, 1, 'Cereals (no specification)', 44, NULL),
  (383, NULL, 1, 'Chat', 44, NULL),
  (384, NULL, 1, 'Cherries', 44, NULL),
  (385, NULL, 1, 'Chert', 44, NULL),
  (386, NULL, 1, 'Citrus Fruits', 44, NULL),
  (387, NULL, 1, 'Coconut', 44, NULL),
  (388, NULL, 1, 'Coffee Plant', 44, NULL),
  (389, NULL, 1, 'Corn (Maize)', 44, NULL),
  (390, NULL, 1, 'Cotton', 44, NULL),
  (391, NULL, 1, 'Croton', 44, NULL),
  (392, NULL, 1, 'Dill', 44, NULL),
  (393, NULL, 1, 'Eucalyptus', 44, NULL),
  (394, NULL, 1, 'Fig-Nut', 44, NULL),
  (395, NULL, 1, 'Flowers', 44, NULL),
  (396, NULL, 1, 'Fodder Plants', 44, NULL),
  (397, NULL, 1, 'Fruit', 44, NULL),
  (398, NULL, 1, 'Glucose Syrup', 44, NULL),
  (399, NULL, 1, 'Grains', 44, NULL),
  (400, NULL, 1, 'Grapes', 44, NULL),
  (401, NULL, 1, 'Herbs (no specification)', 44, NULL),
  (402, NULL, 1, 'Jatropha', 44, NULL),
  (403, NULL, 1, 'Lentils', 44, NULL),
  (404, NULL, 1, 'Mango', 44, NULL),
  (405, NULL, 1, 'Mariculture', 44, NULL),
  (406, NULL, 1, 'Mustard', 44, NULL),
  (407, NULL, 1, 'Oil Palm', 44, NULL),
  (408, NULL, 1, 'Oil Seeds', 44, NULL),
  (409, NULL, 1, 'Oleagionous plant', 44, NULL),
  (410, NULL, 1, 'Olives', 44, NULL),
  (411, NULL, 1, 'Onion', 44, NULL),
  (412, NULL, 1, 'Palms', 44, NULL),
  (413, NULL, 1, 'Papaya', 44, NULL),
  (414, NULL, 1, 'Passion fruit', 44, NULL),
  (415, NULL, 1, 'Peanut', 44, NULL),
  (416, NULL, 1, 'Peas', 44, NULL),
  (417, NULL, 1, 'Pepper', 44, NULL),
  (418, NULL, 1, 'Pine', 44, NULL),
  (419, NULL, 1, 'Pineapple', 44, NULL),
  (420, NULL, 1, 'Pomegranate', 44, NULL),
  (421, NULL, 1, 'Pongamia Pinnata', 44, NULL),
  (422, NULL, 1, 'Potatoes', 44, NULL),
  (423, NULL, 1, 'Pulses', 44, NULL),
  (424, NULL, 1, 'Rapeseed', 44, NULL),
  (425, NULL, 1, 'Rice', 44, NULL),
  (426, NULL, 1, 'Roses', 44, NULL),
  (427, NULL, 1, 'Rubber', 44, NULL),
  (428, NULL, 1, 'Rye', 44, NULL),
  (429, NULL, 1, 'Sea Cucumber', 44, NULL),
  (430, NULL, 1, 'Seed Production', 44, NULL),
  (431, NULL, 1, 'Sesame', 44, NULL),
  (432, NULL, 1, 'Sisal', 44, NULL),
  (433, NULL, 1, 'Sorghum', 44, NULL),
  (434, NULL, 1, 'Soya Beans', 44, NULL),
  (435, NULL, 1, 'Starch', 44, NULL),
  (436, NULL, 1, 'Sugar beet', 44, NULL),
  (437, NULL, 1, 'Sugar Cane', 44, NULL),
  (438, NULL, 1, 'Sun Flower', 44, NULL),
  (439, NULL, 1, 'Sweet Potatoes', 44, NULL),
  (440, NULL, 1, 'Tea', 44, NULL),
  (441, NULL, 1, 'Teak', 44, NULL),
  (442, NULL, 1, 'Teff', 44, NULL),
  (443, NULL, 1, 'Tomatoes', 44, NULL),
  (444, NULL, 1, 'Trees', 44, NULL),
  (445, NULL, 1, 'Vegetables', 44, NULL),
  (446, NULL, 1, 'Vineyard', 44, NULL),
  (447, NULL, 1, 'Wheat', 44, NULL),
  (448, NULL, 1, 'Yam', 44, NULL),
  (449, NULL, 1, 'Other', 44, NULL),
  (450, NULL, 1, 'Agrofuels', 46, NULL),
  (451, NULL, 1, 'Food crops', 46, NULL),
  (452, NULL, 1, 'Livestock', 46, NULL),
  (453, NULL, 1, 'Non-food agricultural commodities', 46, NULL),
  (454, NULL, 1, 'State', 49, NULL),
  (455, NULL, 1, 'Private (smallholders)', 49, NULL),
  (456, NULL, 1, 'Private (large-scale)', 49, NULL),
  (457, NULL, 1, 'Community', 49, NULL),
  (458, NULL, 1, 'Other', 49, NULL)
;
SELECT setval('data.a_values_id_seq', 458, true);

INSERT INTO data.sh_keys (id, fk_sh_key, fk_language, key, type, helptext, description, validator) VALUES
  (1, NULL, NULL, 'Country of origin', 'Dropdown', NULL, NULL, NULL),
  (2, NULL, NULL, 'Name', 'String', NULL, NULL, NULL),
  (3, NULL, NULL, 'Website', 'String', NULL, NULL, NULL),
  (4, NULL, NULL, 'Economic Sector', 'Dropdown', NULL, NULL, NULL),
  (5, NULL, NULL, 'Phone', 'String', NULL, NULL, NULL),
  (6, NULL, NULL, 'Domestic Partner', 'String', NULL, NULL, NULL),
  (7, NULL, NULL, 'Address', 'String', NULL, NULL, NULL),
  (8, NULL, NULL, 'Type of Institution', 'Dropdown', NULL, NULL, NULL),
  (9, 1, 1, 'Country of origin', NULL, NULL, NULL, NULL),
  (10, 2, 1, 'Name', NULL, NULL, NULL, NULL),
  (11, 3, 1, 'Website', NULL, NULL, NULL, NULL),
  (12, 4, 1, 'Economic Sector', NULL, NULL, NULL, NULL),
  (13, 5, 1, 'Phone', NULL, NULL, NULL, NULL),
  (14, 6, 1, 'Domestic Partner', NULL, NULL, NULL, NULL),
  (15, 7, 1, 'Address', NULL, NULL, NULL, NULL),
  (16, 8, 1, 'Type of Institution', NULL, NULL, NULL, NULL)
;
SELECT setval('data.sh_keys_id_seq', 16, true);

INSERT INTO data.sh_values (id, fk_sh_value, fk_language, value, fk_sh_key, "order") VALUES
  (1, NULL, 1, 'Afghanistan', 1, NULL),
  (2, NULL, 1, 'Åland Islands', 1, NULL),
  (3, NULL, 1, 'Albania', 1, NULL),
  (4, NULL, 1, 'Algeria', 1, NULL),
  (5, NULL, 1, 'American Samoa', 1, NULL),
  (6, NULL, 1, 'Andorra', 1, NULL),
  (7, NULL, 1, 'Angola', 1, NULL),
  (8, NULL, 1, 'Anguilla', 1, NULL),
  (9, NULL, 1, 'Antarctica', 1, NULL),
  (10, NULL, 1, 'Antigua and Barbuda', 1, NULL),
  (11, NULL, 1, 'Argentina', 1, NULL),
  (12, NULL, 1, 'Armenia', 1, NULL),
  (13, NULL, 1, 'Aruba', 1, NULL),
  (14, NULL, 1, 'Australia', 1, NULL),
  (15, NULL, 1, 'Austria', 1, NULL),
  (16, NULL, 1, 'Azerbaijan', 1, NULL),
  (17, NULL, 1, 'Bahamas', 1, NULL),
  (18, NULL, 1, 'Bahrain', 1, NULL),
  (19, NULL, 1, 'Bangladesh', 1, NULL),
  (20, NULL, 1, 'Barbados', 1, NULL),
  (21, NULL, 1, 'Belarus', 1, NULL),
  (22, NULL, 1, 'Belgium', 1, NULL),
  (23, NULL, 1, 'Belize', 1, NULL),
  (24, NULL, 1, 'Benin', 1, NULL),
  (25, NULL, 1, 'Bermuda', 1, NULL),
  (26, NULL, 1, 'Bhutan', 1, NULL),
  (27, NULL, 1, 'Bolivia, Plurinational State of', 1, NULL),
  (28, NULL, 1, 'Bonaire, Sint Eustatius and Saba', 1, NULL),
  (29, NULL, 1, 'Bosnia and Herzegovina', 1, NULL),
  (30, NULL, 1, 'Botswana', 1, NULL),
  (31, NULL, 1, 'Bouvet Island', 1, NULL),
  (32, NULL, 1, 'Brazil', 1, NULL),
  (33, NULL, 1, 'British Indian Ocean Territory', 1, NULL),
  (34, NULL, 1, 'Virgin Islands, British', 1, NULL),
  (35, NULL, 1, 'Brunei Darussalam', 1, NULL),
  (36, NULL, 1, 'Bulgaria', 1, NULL),
  (37, NULL, 1, 'Burkina Faso', 1, NULL),
  (38, NULL, 1, 'Burundi', 1, NULL),
  (39, NULL, 1, 'Cambodia', 1, NULL),
  (40, NULL, 1, 'Cameroon', 1, NULL),
  (41, NULL, 1, 'Canada', 1, NULL),
  (42, NULL, 1, 'Cape Verde', 1, NULL),
  (44, NULL, 1, 'Cayman Islands', 1, NULL),
  (45, NULL, 1, 'Central African Republic', 1, NULL),
  (46, NULL, 1, 'Chad', 1, NULL),
  (47, NULL, 1, 'Chile', 1, NULL),
  (48, NULL, 1, 'China', 1, NULL),
  (49, NULL, 1, 'Christmas Island', 1, NULL),
  (51, NULL, 1, 'Cocos (Keeling) Islands', 1, NULL),
  (52, NULL, 1, 'Colombia', 1, NULL),
  (53, NULL, 1, 'Comoros', 1, NULL),
  (54, NULL, 1, 'Cook Islands', 1, NULL),
  (55, NULL, 1, 'Costa Rica', 1, NULL),
  (56, NULL, 1, 'Côte d''Ivoire', 1, NULL),
  (57, NULL, 1, 'Croatia', 1, NULL),
  (58, NULL, 1, 'Cuba', 1, NULL),
  (59, NULL, 1, 'Curaçao', 1, NULL),
  (60, NULL, 1, 'Cyprus', 1, NULL),
  (61, NULL, 1, 'Czech Republic', 1, NULL),
  (62, NULL, 1, 'Congo, the Democratic Republic of the', 1, NULL),
  (63, NULL, 1, 'Denmark', 1, NULL),
  (64, NULL, 1, 'Djibouti', 1, NULL),
  (65, NULL, 1, 'Dominica', 1, NULL),
  (66, NULL, 1, 'Dominican Republic', 1, NULL),
  (67, NULL, 1, 'Timor-Leste', 1, NULL),
  (68, NULL, 1, 'Ecuador', 1, NULL),
  (69, NULL, 1, 'Egypt', 1, NULL),
  (70, NULL, 1, 'El Salvador', 1, NULL),
  (71, NULL, 1, 'Equatorial Guinea', 1, NULL),
  (72, NULL, 1, 'Eritrea', 1, NULL),
  (73, NULL, 1, 'Estonia', 1, NULL),
  (74, NULL, 1, 'Ethiopia', 1, NULL),
  (75, NULL, 1, 'Falkland Islands (Malvinas)', 1, NULL),
  (76, NULL, 1, 'Faroe Islands', 1, NULL),
  (77, NULL, 1, 'Fiji', 1, NULL),
  (78, NULL, 1, 'Finland', 1, NULL),
  (79, NULL, 1, 'France', 1, NULL),
  (80, NULL, 1, 'French Guiana', 1, NULL),
  (81, NULL, 1, 'French Polynesia', 1, NULL),
  (82, NULL, 1, 'French Southern Territories', 1, NULL),
  (83, NULL, 1, 'Gabon', 1, NULL),
  (84, NULL, 1, 'Gambia', 1, NULL),
  (85, NULL, 1, 'Georgia', 1, NULL),
  (86, NULL, 1, 'Germany', 1, NULL),
  (87, NULL, 1, 'Ghana', 1, NULL),
  (88, NULL, 1, 'Gibraltar', 1, NULL),
  (89, NULL, 1, 'Greece', 1, NULL),
  (90, NULL, 1, 'Greenland', 1, NULL),
  (91, NULL, 1, 'Grenada', 1, NULL),
  (92, NULL, 1, 'Guadeloupe', 1, NULL),
  (93, NULL, 1, 'Guam', 1, NULL),
  (94, NULL, 1, 'Guatemala', 1, NULL),
  (95, NULL, 1, 'Guernsey', 1, NULL),
  (96, NULL, 1, 'Guinea', 1, NULL),
  (97, NULL, 1, 'Guinea-Bissau', 1, NULL),
  (98, NULL, 1, 'Guyana', 1, NULL),
  (99, NULL, 1, 'Haiti', 1, NULL),
  (100, NULL, 1, 'Heard Island and McDonald Islands', 1, NULL),
  (101, NULL, 1, 'Honduras', 1, NULL),
  (102, NULL, 1, 'Hong Kong', 1, NULL),
  (103, NULL, 1, 'Hungary', 1, NULL),
  (104, NULL, 1, 'Iceland', 1, NULL),
  (105, NULL, 1, 'India', 1, NULL),
  (106, NULL, 1, 'Indonesia', 1, NULL),
  (107, NULL, 1, 'Iran, Islamic Republic of', 1, NULL),
  (108, NULL, 1, 'Iraq', 1, NULL),
  (109, NULL, 1, 'Ireland', 1, NULL),
  (110, NULL, 1, 'Isle of Man', 1, NULL),
  (111, NULL, 1, 'Israel', 1, NULL),
  (112, NULL, 1, 'Italy', 1, NULL),
  (113, NULL, 1, 'Jamaica', 1, NULL),
  (114, NULL, 1, 'Japan', 1, NULL),
  (115, NULL, 1, 'Jersey', 1, NULL),
  (116, NULL, 1, 'Jordan', 1, NULL),
  (117, NULL, 1, 'Kazakhstan', 1, NULL),
  (118, NULL, 1, 'Kenya', 1, NULL),
  (119, NULL, 1, 'Kiribati', 1, NULL),
  (121, NULL, 1, 'Kuwait', 1, NULL),
  (122, NULL, 1, 'Kyrgyzstan', 1, NULL),
  (123, NULL, 1, 'Lao People''s Democratic Republic', 1, NULL),
  (124, NULL, 1, 'Latvia', 1, NULL),
  (125, NULL, 1, 'Lebanon', 1, NULL),
  (126, NULL, 1, 'Lesotho', 1, NULL),
  (127, NULL, 1, 'Liberia', 1, NULL),
  (128, NULL, 1, 'Libya', 1, NULL),
  (129, NULL, 1, 'Liechtenstein', 1, NULL),
  (130, NULL, 1, 'Lithuania', 1, NULL),
  (131, NULL, 1, 'Luxembourg', 1, NULL),
  (132, NULL, 1, 'Macao', 1, NULL),
  (133, NULL, 1, 'Macedonia, The Former Yugoslav Republic of', 1, NULL),
  (134, NULL, 1, 'Madagascar', 1, NULL),
  (135, NULL, 1, 'Malawi', 1, NULL),
  (136, NULL, 1, 'Malaysia', 1, NULL),
  (137, NULL, 1, 'Maldives', 1, NULL),
  (138, NULL, 1, 'Mali', 1, NULL),
  (139, NULL, 1, 'Malta', 1, NULL),
  (140, NULL, 1, 'Marshall Islands', 1, NULL),
  (141, NULL, 1, 'Martinique', 1, NULL),
  (142, NULL, 1, 'Mauritania', 1, NULL),
  (143, NULL, 1, 'Mauritius', 1, NULL),
  (144, NULL, 1, 'Mayotte', 1, NULL),
  (145, NULL, 1, 'Mexico', 1, NULL),
  (146, NULL, 1, 'Micronesia, Federated States of', 1, NULL),
  (147, NULL, 1, 'Moldova, Republic of', 1, NULL),
  (148, NULL, 1, 'Monaco', 1, NULL),
  (149, NULL, 1, 'Mongolia', 1, NULL),
  (150, NULL, 1, 'Montenegro', 1, NULL),
  (151, NULL, 1, 'Montserrat', 1, NULL),
  (152, NULL, 1, 'Morocco', 1, NULL),
  (153, NULL, 1, 'Mozambique', 1, NULL),
  (154, NULL, 1, 'Myanmar', 1, NULL),
  (155, NULL, 1, 'Namibia', 1, NULL),
  (156, NULL, 1, 'Nauru', 1, NULL),
  (157, NULL, 1, 'Nepal', 1, NULL),
  (158, NULL, 1, 'Netherlands', 1, NULL),
  (159, NULL, 1, 'New Caledonia', 1, NULL),
  (160, NULL, 1, 'New Zealand', 1, NULL),
  (161, NULL, 1, 'Nicaragua', 1, NULL),
  (162, NULL, 1, 'Niger', 1, NULL),
  (163, NULL, 1, 'Nigeria', 1, NULL),
  (164, NULL, 1, 'Niue', 1, NULL),
  (165, NULL, 1, 'Norfolk Island', 1, NULL),
  (166, NULL, 1, 'Korea, Democratic People''s Republic of', 1, NULL),
  (167, NULL, 1, 'Northern Mariana Islands', 1, NULL),
  (168, NULL, 1, 'Norway', 1, NULL),
  (169, NULL, 1, 'Oman', 1, NULL),
  (170, NULL, 1, 'Pakistan', 1, NULL),
  (171, NULL, 1, 'Palau', 1, NULL),
  (172, NULL, 1, 'Palestine, State of', 1, NULL),
  (173, NULL, 1, 'Panama', 1, NULL),
  (174, NULL, 1, 'Papua New Guinea', 1, NULL),
  (175, NULL, 1, 'Paraguay', 1, NULL),
  (176, NULL, 1, 'Peru', 1, NULL),
  (177, NULL, 1, 'Philippines', 1, NULL),
  (178, NULL, 1, 'Pitcairn', 1, NULL),
  (179, NULL, 1, 'Poland', 1, NULL),
  (180, NULL, 1, 'Portugal', 1, NULL),
  (181, NULL, 1, 'Puerto Rico', 1, NULL),
  (182, NULL, 1, 'Qatar', 1, NULL),
  (183, NULL, 1, 'Congo', 1, NULL),
  (184, NULL, 1, 'Réunion', 1, NULL),
  (185, NULL, 1, 'Romania', 1, NULL),
  (186, NULL, 1, 'Russian Federation', 1, NULL),
  (187, NULL, 1, 'Rwanda', 1, NULL),
  (188, NULL, 1, 'Saint Helena, Ascension and Tristan da Cunha', 1, NULL),
  (189, NULL, 1, 'Saint Kitts and Nevis', 1, NULL),
  (190, NULL, 1, 'Saint Lucia', 1, NULL),
  (191, NULL, 1, 'Saint Pierre and Miquelon', 1, NULL),
  (192, NULL, 1, 'Saint Vincent and the Grenadines', 1, NULL),
  (193, NULL, 1, 'Saint Barthélemy', 1, NULL),
  (194, NULL, 1, 'Saint Martin (French part)', 1, NULL),
  (195, NULL, 1, 'Samoa', 1, NULL),
  (196, NULL, 1, 'San Marino', 1, NULL),
  (197, NULL, 1, 'Sao Tome and Principe', 1, NULL),
  (198, NULL, 1, 'Saudi Arabia', 1, NULL),
  (199, NULL, 1, 'Senegal', 1, NULL),
  (200, NULL, 1, 'Serbia', 1, NULL),
  (201, NULL, 1, 'Seychelles', 1, NULL),
  (202, NULL, 1, 'Sierra Leone', 1, NULL),
  (203, NULL, 1, 'Singapore', 1, NULL),
  (204, NULL, 1, 'Sint Maarten (Dutch part)', 1, NULL),
  (205, NULL, 1, 'Slovakia', 1, NULL),
  (206, NULL, 1, 'Slovenia', 1, NULL),
  (207, NULL, 1, 'Solomon Islands', 1, NULL),
  (208, NULL, 1, 'Somalia', 1, NULL),
  (209, NULL, 1, 'South Africa', 1, NULL),
  (210, NULL, 1, 'South Georgia and the South Sandwich Islands', 1, NULL),
  (211, NULL, 1, 'Korea, Republic of', 1, NULL),
  (212, NULL, 1, 'South Sudan', 1, NULL),
  (213, NULL, 1, 'Spain', 1, NULL),
  (215, NULL, 1, 'Sri Lanka', 1, NULL),
  (216, NULL, 1, 'Sudan', 1, NULL),
  (217, NULL, 1, 'Suriname', 1, NULL),
  (218, NULL, 1, 'Svalbard and Jan Mayen', 1, NULL),
  (219, NULL, 1, 'Swaziland', 1, NULL),
  (220, NULL, 1, 'Sweden', 1, NULL),
  (221, NULL, 1, 'Switzerland', 1, NULL),
  (222, NULL, 1, 'Syrian Arab Republic', 1, NULL),
  (223, NULL, 1, 'Taiwan, Province of China', 1, NULL),
  (224, NULL, 1, 'Tajikistan', 1, NULL),
  (225, NULL, 1, 'Tanzania, United Republic of', 1, NULL),
  (226, NULL, 1, 'Thailand', 1, NULL),
  (227, NULL, 1, 'Togo', 1, NULL),
  (228, NULL, 1, 'Tokelau', 1, NULL),
  (229, NULL, 1, 'Tonga', 1, NULL),
  (230, NULL, 1, 'Trinidad and Tobago', 1, NULL),
  (231, NULL, 1, 'Tunisia', 1, NULL),
  (232, NULL, 1, 'Turkey', 1, NULL),
  (233, NULL, 1, 'Turkmenistan', 1, NULL),
  (234, NULL, 1, 'Turks and Caicos Islands', 1, NULL),
  (235, NULL, 1, 'Tuvalu', 1, NULL),
  (236, NULL, 1, 'Uganda', 1, NULL),
  (237, NULL, 1, 'Ukraine', 1, NULL),
  (238, NULL, 1, 'United Arab Emirates', 1, NULL),
  (239, NULL, 1, 'United Kingdom', 1, NULL),
  (240, NULL, 1, 'United States', 1, NULL),
  (241, NULL, 1, 'United States Minor Outlying Islands', 1, NULL),
  (242, NULL, 1, 'Uruguay', 1, NULL),
  (243, NULL, 1, 'Uzbekistan', 1, NULL),
  (244, NULL, 1, 'Vanuatu', 1, NULL),
  (245, NULL, 1, 'Holy See (Vatican City State)', 1, NULL),
  (246, NULL, 1, 'Venezuela, Bolivarian Republic of', 1, NULL),
  (247, NULL, 1, 'Viet Nam', 1, NULL),
  (248, NULL, 1, 'Virgin Islands, U.S.', 1, NULL),
  (249, NULL, 1, 'Wallis and Futuna', 1, NULL),
  (250, NULL, 1, 'Western Sahara', 1, NULL),
  (251, NULL, 1, 'Yemen', 1, NULL),
  (252, NULL, 1, 'Zambia', 1, NULL),
  (253, NULL, 1, 'Zimbabwe', 1, NULL),
  (254, NULL, 1, 'Financial Investment', 4, NULL),
  (255, NULL, 1, 'Agriculture', 4, NULL),
  (256, NULL, 1, 'Food production', 4, NULL),
  (257, NULL, 1, 'Energy sector', 4, NULL),
  (258, NULL, 1, 'Mining', 4, NULL),
  (259, NULL, 1, 'Financial sector', 4, NULL),
  (260, NULL, 1, 'Tourism', 4, NULL),
  (261, NULL, 1, 'Other', 4, NULL),
  (262, NULL, 1, 'State-owned company', 8, NULL),
  (263, NULL, 1, 'Private company', 8, NULL),
  (264, NULL, 1, 'Investment fund', 8, NULL),
  (265, NULL, 1, 'Public investor', 8, NULL),
  (266, NULL, 1, 'Individual entrepreneur', 8, NULL),
  (267, NULL, 1, 'Semi-state owned', 8, NULL),
  (268, NULL, 1, 'Other', 8, NULL)
;
SELECT setval('data.sh_values_id_seq', 268, true);

INSERT INTO data.profiles (id, code, polygon) VALUES (1, 'global', '0103000020E6100000010000000500000000000000008066C000000000000055C0000000000080664000000000000055C00000000000806640000000000000554000000000008066C0000000000000554000000000008066C000000000000055C0');
INSERT INTO data.profiles (id, code, polygon) VALUES (2, 'laos', '0103000020E6100000010000000500000077BE9F1A2F055940C442AD69DED12B40713D0AD7A3E85A40C442AD69DED12B40713D0AD7A3E85A40FCA9F1D24D82364077BE9F1A2F055940FCA9F1D24D82364077BE9F1A2F055940C442AD69DED12B40');
INSERT INTO data.profiles (id, code, polygon) VALUES (3, 'peru', '0103000020E610000001000000050000008C31B08EE35454C0295C8FC2F55832C0AE47E17A142A51C0295C8FC2F55832C0AE47E17A142A51C0B81E85EB51B89EBF8C31B08EE35454C0B81E85EB51B89EBF8C31B08EE35454C0295C8FC2F55832C0');
INSERT INTO data.profiles (id, code, polygon) VALUES (4, 'madagascar', '0103000020E610000001000000050000001F85EB51B89E45406666666666E627C000000000004049406666666666E627C00000000000404940D7A3703D0A9739C01F85EB51B89E4540D7A3703D0A9739C01F85EB51B89E45406666666666E627C0');
INSERT INTO data.profiles (id, code, polygon) VALUES (5, 'cambodia', '0103000020E6100000010000001E000000FEFFFFBFBFB9594098000040C6D323400A0000C05FB959401000002045D42340FEFFFF3F6EB859401801006029DA23400E00008049B85940180000001ADD23400A0000C076965940900000003B8D2A40020000003396594070000060FAB02A400E0000C88795594060000030F0122B400A000060929559403800004015162B40060000E0A89559405800008093182B4006000080F0955940880000C0881D2B40120000803DBC5940900000A0D1622C402AE66D2432BD5940A0E026CC7D692C400E000020CFC35940780000C0FF902C40060000D029C95940A00000101DA62C400A000020C5CA5940380000C009AA2C400A000080CEE35940180000C019D82C40020000A02AE5594020000060BAD92C40FEFFFFBF4EEA59400000000085DF2C40363333136BE25A40F0999939C0602D40FEFFFF7F80E35A40100000A0945F2D4006000080AEE35A4078000050FC5D2D40060000C051E85A40580000A0B1B82A4002000000C2E55A4060000020CF1D29400E0000E001E55A401000002055FA28400A0000A081E35A401000008050C2284046984E19F8E25A406095868B2DB6284002000060C1E25A4018000080D7B228405E555595298C5A40C0555575ED932540120000C0C9BB59402000000083D42340FEFFFFBFBFB9594098000040C6D32340');
SELECT setval('data.profiles_id_seq', 5, true);

INSERT INTO data.languages(id, english_name, local_name, locale) VALUES
    (2, 'Codes', 'Codes', 'code'),
    (3, 'Spanish', 'Español', 'es')
;
SELECT setval('data.languages_id_seq', 3, true);

INSERT INTO data.stakeholder_roles(id, name, description) VALUES
  (6, 'Primary Investor', NULL),
  (7, 'Secondary Investor', NULL)
;
SELECT setval('data.stakeholder_roles_id_seq', 7, true);

INSERT INTO data.institution_types(id, name, description) VALUES
    (1, 'CSO', NULL),
    (2, 'Government', NULL)
;
SELECT setval('data.institution_types_id_seq', 2, true);
